Date,Region,Cases,Deaths
2020-03-20,RO,1,0
2020-03-21,RO,1,0
2020-03-22,RO,3,0
2020-03-23,RO,3,0
2020-03-24,RO,3,0
2020-03-25,RO,5,0
2020-03-26,RO,5,0
2020-03-27,RO,6,0
2020-03-28,RO,6,0
2020-03-29,RO,6,0
2020-03-30,RO,6,0
2020-03-31,RO,8,1
2020-04-01,RO,9,1
2020-04-02,RO,10,1
2020-04-03,RO,10,1
2020-04-04,RO,11,1
2020-04-05,RO,12,1
2020-04-06,RO,14,1
2020-04-07,RO,18,1
2020-04-08,RO,18,1
2020-04-09,RO,28,2
2020-04-10,RO,32,2
2020-04-11,RO,33,2
2020-04-12,RO,35,2
2020-04-13,RO,42,2
2020-04-14,RO,64,2
2020-04-15,RO,69,2
2020-04-16,RO,76,3
2020-04-17,RO,92,3
2020-04-18,RO,110,3
2020-04-19,RO,128,4
2020-04-20,RO,160,4
2020-04-21,RO,199,4
2020-04-22,RO,223,5
2020-04-23,RO,250,5
2020-04-24,RO,290,5
2020-04-25,RO,328,7
2020-04-26,RO,364,10
2020-04-27,RO,393,10
2020-04-28,RO,413,11
2020-04-29,RO,433,15
2020-04-30,RO,502,16
2020-05-01,RO,585,18
2020-05-02,RO,653,23
2020-05-03,RO,705,24
2020-05-04,RO,756,25
2020-05-05,RO,861,29
2020-05-06,RO,943,33
2020-05-07,RO,1098,37
2020-05-08,RO,1222,39
2020-05-09,RO,1263,41
2020-05-10,RO,1302,43
2020-05-11,RO,1396,47
2020-05-12,RO,1460,50
2020-05-13,RO,1612,50
2020-05-14,RO,1686,56
2020-05-15,RO,1789,62
2020-05-16,RO,1919,69
2020-05-17,RO,1963,74
2020-05-18,RO,2043,77
2020-05-19,RO,2257,87
2020-05-20,RO,2499,90
2020-05-21,RO,2659,101
2020-05-22,RO,2774,106
2020-05-23,RO,3109,115
2020-05-24,RO,3201,121
2020-05-25,RO,3268,121
2020-05-26,RO,3493,133
2020-05-27,RO,3862,137
2020-05-28,RO,4252,142
2020-05-29,RO,4502,145
2020-05-30,RO,4743,151
2020-05-31,RO,4942,156
2020-06-01,RO,5172,159
2020-06-02,RO,5477,172
2020-06-03,RO,5713,180
2020-03-19,AC,3,0
2020-03-20,AC,7,0
2020-03-21,AC,9,0
2020-03-22,AC,11,0
2020-03-23,AC,11,0
2020-03-24,AC,17,0
2020-03-25,AC,23,0
2020-03-26,AC,24,0
2020-03-27,AC,25,0
2020-03-28,AC,25,0
2020-03-29,AC,34,0
2020-03-30,AC,42,0
2020-03-31,AC,42,0
2020-04-01,AC,43,0
2020-04-02,AC,43,0
2020-04-03,AC,46,0
2020-04-04,AC,46,0
2020-04-05,AC,48,0
2020-04-06,AC,50,0
2020-04-07,AC,50,1
2020-04-08,AC,54,2
2020-04-09,AC,62,2
2020-04-10,AC,70,2
2020-04-11,AC,72,2
2020-04-12,AC,77,2
2020-04-13,AC,90,3
2020-04-14,AC,99,3
2020-04-15,AC,101,3
2020-04-16,AC,110,5
2020-04-17,AC,135,5
2020-04-18,AC,142,5
2020-04-19,AC,163,6
2020-04-20,AC,176,8
2020-04-21,AC,195,8
2020-04-22,AC,214,8
2020-04-23,AC,227,10
2020-04-24,AC,234,11
2020-04-25,AC,258,11
2020-04-26,AC,279,11
2020-04-27,AC,279,14
2020-04-28,AC,311,16
2020-04-29,AC,354,17
2020-04-30,AC,404,19
2020-05-01,AC,486,19
2020-05-02,AC,553,21
2020-05-03,AC,657,24
2020-05-04,AC,733,28
2020-05-05,AC,817,29
2020-05-06,AC,943,33
2020-05-07,AC,1014,36
2020-05-08,AC,1177,38
2020-05-09,AC,1335,39
2020-05-10,AC,1447,41
2020-05-11,AC,1460,45
2020-05-12,AC,1590,51
2020-05-13,AC,1694,52
2020-05-14,AC,1740,55
2020-05-15,AC,1785,57
2020-05-16,AC,1867,59
2020-05-17,AC,1997,60
2020-05-18,AC,2234,67
2020-05-19,AC,2482,72
2020-05-20,AC,2817,76
2020-05-21,AC,3103,78
2020-05-22,AC,3343,80
2020-05-23,AC,3867,87
2020-05-24,AC,4160,92
2020-05-25,AC,4501,97
2020-05-26,AC,4781,105
2020-05-27,AC,5251,113
2020-05-28,AC,5600,122
2020-05-29,AC,5841,135
2020-05-30,AC,6072,142
2020-05-31,AC,6219,148
2020-06-01,AC,6326,161
2020-06-02,AC,6465,165
2020-06-03,AC,6679,171
2020-03-15,AM,1,0
2020-03-16,AM,1,0
2020-03-17,AM,1,0
2020-03-18,AM,1,0
2020-03-19,AM,3,0
2020-03-20,AM,3,0
2020-03-21,AM,11,0
2020-03-22,AM,26,0
2020-03-23,AM,32,0
2020-03-24,AM,47,0
2020-03-25,AM,54,1
2020-03-26,AM,67,1
2020-03-27,AM,81,1
2020-03-28,AM,111,1
2020-03-29,AM,140,1
2020-03-30,AM,151,1
2020-03-31,AM,175,3
2020-04-01,AM,200,3
2020-04-02,AM,229,3
2020-04-03,AM,260,7
2020-04-04,AM,311,12
2020-04-05,AM,417,14
2020-04-06,AM,532,19
2020-04-07,AM,636,23
2020-04-08,AM,804,30
2020-04-09,AM,899,40
2020-04-10,AM,981,50
2020-04-11,AM,1050,53
2020-04-12,AM,1206,62
2020-04-13,AM,1275,71
2020-04-14,AM,1484,90
2020-04-15,AM,1554,106
2020-04-16,AM,1719,124
2020-04-17,AM,1809,145
2020-04-18,AM,1897,161
2020-04-19,AM,2044,182
2020-04-20,AM,2160,185
2020-04-21,AM,2270,193
2020-04-22,AM,2479,207
2020-04-23,AM,2888,234
2020-04-24,AM,3194,255
2020-04-25,AM,3635,287
2020-04-26,AM,3833,304
2020-04-27,AM,3928,320
2020-04-28,AM,4337,351
2020-04-29,AM,4801,380
2020-04-30,AM,5254,425
2020-05-01,AM,5723,476
2020-05-02,AM,6062,501
2020-05-03,AM,6683,548
2020-05-04,AM,7242,584
2020-05-05,AM,8109,649
2020-05-06,AM,9243,751
2020-05-07,AM,10099,806
2020-05-08,AM,10727,874
2020-05-09,AM,11925,962
2020-05-10,AM,12599,1004
2020-05-11,AM,12919,1035
2020-05-12,AM,14168,1098
2020-05-13,AM,15816,1160
2020-05-14,AM,17181,1235
2020-05-15,AM,18392,1331
2020-05-16,AM,19677,1375
2020-05-17,AM,20328,1413
2020-05-18,AM,20913,1433
2020-05-19,AM,22132,1491
2020-05-20,AM,23704,1561
2020-05-21,AM,25367,1620
2020-05-22,AM,27038,1669
2020-05-23,AM,28802,1744
2020-05-24,AM,29867,1758
2020-05-25,AM,30282,1781
2020-05-26,AM,31949,1852
2020-05-27,AM,33508,1891
2020-05-28,AM,36146,1964
2020-05-29,AM,38909,2011
2020-05-30,AM,40560,2047
2020-05-31,AM,41378,2052
2020-06-01,AM,41774,2071
2020-06-02,AM,43195,2102
2020-06-03,AM,44347,2138
2020-03-22,RR,2,0
2020-03-23,RR,2,0
2020-03-24,RR,2,0
2020-03-25,RR,8,0
2020-03-26,RR,8,0
2020-03-27,RR,10,0
2020-03-28,RR,12,0
2020-03-29,RR,16,0
2020-03-30,RR,16,0
2020-03-31,RR,16,0
2020-04-01,RR,22,0
2020-04-02,RR,26,0
2020-04-03,RR,30,0
2020-04-04,RR,37,1
2020-04-05,RR,42,1
2020-04-06,RR,42,1
2020-04-07,RR,42,1
2020-04-08,RR,49,1
2020-04-09,RR,52,1
2020-04-10,RR,63,3
2020-04-11,RR,75,3
2020-04-12,RR,79,3
2020-04-13,RR,83,3
2020-04-14,RR,113,3
2020-04-15,RR,114,3
2020-04-16,RR,142,3
2020-04-17,RR,164,3
2020-04-18,RR,201,3
2020-04-19,RR,222,3
2020-04-20,RR,244,3
2020-04-21,RR,247,3
2020-04-22,RR,280,3
2020-04-23,RR,297,3
2020-04-24,RR,304,3
2020-04-25,RR,345,3
2020-04-26,RR,401,4
2020-04-27,RR,407,4
2020-04-28,RR,425,6
2020-04-29,RR,452,6
2020-04-30,RR,519,7
2020-05-01,RR,602,8
2020-05-02,RR,668,9
2020-05-03,RR,740,11
2020-05-04,RR,806,11
2020-05-05,RR,869,11
2020-05-06,RR,932,13
2020-05-07,RR,1020,14
2020-05-08,RR,1124,16
2020-05-09,RR,1202,18
2020-05-10,RR,1290,21
2020-05-11,RR,1295,24
2020-05-12,RR,1328,27
2020-05-13,RR,1411,29
2020-05-14,RR,1500,37
2020-05-15,RR,1589,40
2020-05-16,RR,1706,49
2020-05-17,RR,1791,51
2020-05-18,RR,1876,60
2020-05-19,RR,1985,61
2020-05-20,RR,2067,64
2020-05-21,RR,2146,72
2020-05-22,RR,2306,81
2020-05-23,RR,2374,81
2020-05-24,RR,2439,84
2020-05-25,RR,2514,86
2020-05-26,RR,2583,102
2020-05-27,RR,2682,102
2020-05-28,RR,2959,102
2020-05-29,RR,3098,108
2020-05-30,RR,3299,110
2020-05-31,RR,3474,116
2020-06-01,RR,3692,116
2020-06-02,RR,3850,120
2020-06-03,RR,4143,124
2020-03-19,PA,1,0
2020-03-20,PA,2,0
2020-03-21,PA,2,0
2020-03-22,PA,4,0
2020-03-23,PA,5,0
2020-03-24,PA,5,0
2020-03-25,PA,7,0
2020-03-26,PA,13,0
2020-03-27,PA,13,0
2020-03-28,PA,17,0
2020-03-29,PA,18,0
2020-03-30,PA,21,0
2020-03-31,PA,32,0
2020-04-01,PA,40,1
2020-04-02,PA,46,1
2020-04-03,PA,50,1
2020-04-04,PA,80,1
2020-04-05,PA,86,1
2020-04-06,PA,102,3
2020-04-07,PA,138,5
2020-04-08,PA,167,6
2020-04-09,PA,168,7
2020-04-10,PA,170,9
2020-04-11,PA,217,10
2020-04-12,PA,246,13
2020-04-13,PA,270,15
2020-04-14,PA,323,19
2020-04-15,PA,384,21
2020-04-16,PA,438,24
2020-04-17,PA,557,26
2020-04-18,PA,640,33
2020-04-19,PA,685,34
2020-04-20,PA,902,35
2020-04-21,PA,1026,38
2020-04-22,PA,1195,43
2020-04-23,PA,1267,53
2020-04-24,PA,1446,75
2020-04-25,PA,1579,86
2020-04-26,PA,1867,100
2020-04-27,PA,2128,114
2020-04-28,PA,2262,129
2020-04-29,PA,2422,137
2020-04-30,PA,2876,208
2020-05-01,PA,3176,235
2020-05-02,PA,3460,273
2020-05-03,PA,3863,309
2020-05-04,PA,4125,330
2020-05-05,PA,4472,369
2020-05-06,PA,5017,392
2020-05-07,PA,5524,410
2020-05-08,PA,6141,515
2020-05-09,PA,6775,578
2020-05-10,PA,7256,652
2020-05-11,PA,7563,708
2020-05-12,PA,8616,864
2020-05-13,PA,9618,946
2020-05-14,PA,10867,1063
2020-05-15,PA,12109,1145
2020-05-16,PA,13184,1199
2020-05-17,PA,13864,1239
2020-05-18,PA,14734,1329
2020-05-19,PA,16295,1519
2020-05-20,PA,18135,1633
2020-05-21,PA,19756,1852
2020-05-22,PA,21469,1937
2020-05-23,PA,22697,2001
2020-05-24,PA,24125,2148
2020-05-25,PA,26077,2372
2020-05-26,PA,28600,2469
2020-05-27,PA,31033,2545
2020-05-28,PA,33699,2704
2020-05-29,PA,36486,2827
2020-05-30,PA,37296,2900
2020-05-31,PA,37961,2923
2020-06-01,PA,38046,2925
2020-06-02,PA,41207,3040
2020-06-03,PA,44774,3193
2020-03-20,AP,1,0
2020-03-21,AP,1,0
2020-03-22,AP,1,0
2020-03-23,AP,1,0
2020-03-24,AP,1,0
2020-03-25,AP,1,0
2020-03-26,AP,2,0
2020-03-27,AP,2,0
2020-03-28,AP,4,0
2020-03-29,AP,4,0
2020-03-30,AP,8,0
2020-03-31,AP,10,0
2020-04-01,AP,11,0
2020-04-02,AP,11,0
2020-04-03,AP,19,0
2020-04-04,AP,28,1
2020-04-05,AP,29,2
2020-04-06,AP,34,2
2020-04-07,AP,48,2
2020-04-08,AP,107,2
2020-04-09,AP,128,2
2020-04-10,AP,166,2
2020-04-11,AP,193,3
2020-04-12,AP,230,5
2020-04-13,AP,242,5
2020-04-14,AP,307,6
2020-04-15,AP,334,7
2020-04-16,AP,362,9
2020-04-17,AP,370,10
2020-04-18,AP,393,10
2020-04-19,AP,416,11
2020-04-20,AP,433,13
2020-04-21,AP,457,13
2020-04-22,AP,479,14
2020-04-23,AP,548,16
2020-04-24,AP,633,18
2020-04-25,AP,685,19
2020-04-26,AP,798,21
2020-04-27,AP,842,26
2020-04-28,AP,918,28
2020-04-29,AP,1016,31
2020-04-30,AP,1080,34
2020-05-01,AP,1121,37
2020-05-02,AP,1187,40
2020-05-03,AP,1482,43
2020-05-04,AP,1733,49
2020-05-05,AP,1931,55
2020-05-06,AP,2046,56
2020-05-07,AP,2199,61
2020-05-08,AP,2322,66
2020-05-09,AP,2493,69
2020-05-10,AP,2613,72
2020-05-11,AP,2671,73
2020-05-12,AP,2910,86
2020-05-13,AP,3005,94
2020-05-14,AP,3428,101
2020-05-15,AP,3630,103
2020-05-16,AP,3834,108
2020-05-17,AP,3952,119
2020-05-18,AP,4023,127
2020-05-19,AP,4310,136
2020-05-20,AP,4549,142
2020-05-21,AP,5188,151
2020-05-22,AP,5655,157
2020-05-23,AP,6091,162
2020-05-24,AP,6353,163
2020-05-25,AP,6584,168
2020-05-26,AP,6967,173
2020-05-27,AP,7619,183
2020-05-28,AP,8152,198
2020-05-29,AP,8469,207
2020-05-30,AP,9313,215
2020-05-31,AP,9602,222
2020-06-01,AP,9890,228
2020-06-02,AP,10511,237
2020-06-03,AP,11107,247
2020-03-19,TO,1,0
2020-03-20,TO,1,0
2020-03-21,TO,2,0
2020-03-22,TO,2,0
2020-03-23,TO,5,0
2020-03-24,TO,7,0
2020-03-25,TO,7,0
2020-03-26,TO,7,0
2020-03-27,TO,8,0
2020-03-28,TO,9,0
2020-03-29,TO,9,0
2020-03-30,TO,10,0
2020-03-31,TO,11,0
2020-04-01,TO,12,0
2020-04-02,TO,12,0
2020-04-03,TO,12,0
2020-04-04,TO,14,0
2020-04-05,TO,17,0
2020-04-06,TO,17,0
2020-04-07,TO,19,0
2020-04-08,TO,23,0
2020-04-09,TO,23,0
2020-04-10,TO,23,0
2020-04-11,TO,23,0
2020-04-12,TO,25,0
2020-04-13,TO,26,0
2020-04-14,TO,26,0
2020-04-15,TO,26,1
2020-04-16,TO,29,1
2020-04-17,TO,31,1
2020-04-18,TO,33,1
2020-04-19,TO,33,1
2020-04-20,TO,34,1
2020-04-21,TO,37,1
2020-04-22,TO,37,1
2020-04-23,TO,37,2
2020-04-24,TO,43,2
2020-04-25,TO,50,2
2020-04-26,TO,58,2
2020-04-27,TO,67,2
2020-04-28,TO,79,2
2020-04-29,TO,116,3
2020-04-30,TO,137,3
2020-05-01,TO,164,3
2020-05-02,TO,191,4
2020-05-03,TO,246,4
2020-05-04,TO,267,6
2020-05-05,TO,303,7
2020-05-06,TO,351,9
2020-05-07,TO,423,9
2020-05-08,TO,494,9
2020-05-09,TO,572,9
2020-05-10,TO,688,11
2020-05-11,TO,747,12
2020-05-12,TO,828,14
2020-05-13,TO,932,21
2020-05-14,TO,1029,23
2020-05-15,TO,1179,24
2020-05-16,TO,1279,27
2020-05-17,TO,1382,31
2020-05-18,TO,1496,32
2020-05-19,TO,1646,38
2020-05-20,TO,1809,42
2020-05-21,TO,1976,47
2020-05-22,TO,2205,49
2020-05-23,TO,2430,51
2020-05-24,TO,2591,52
2020-05-25,TO,2696,58
2020-05-26,TO,2858,64
2020-05-27,TO,3023,65
2020-05-28,TO,3277,68
2020-05-29,TO,3611,70
2020-05-30,TO,3981,71
2020-05-31,TO,4176,73
2020-06-01,TO,4345,76
2020-06-02,TO,4483,79
2020-06-03,TO,4698,82
2020-03-21,MA,1,0
2020-03-22,MA,2,0
2020-03-23,MA,2,0
2020-03-24,MA,8,0
2020-03-25,MA,8,0
2020-03-26,MA,10,0
2020-03-27,MA,13,0
2020-03-28,MA,14,0
2020-03-29,MA,16,0
2020-03-30,MA,23,1
2020-03-31,MA,31,1
2020-04-01,MA,52,1
2020-04-02,MA,71,1
2020-04-03,MA,81,1
2020-04-04,MA,88,1
2020-04-05,MA,96,2
2020-04-06,MA,133,2
2020-04-07,MA,172,4
2020-04-08,MA,230,11
2020-04-09,MA,273,12
2020-04-10,MA,293,16
2020-04-11,MA,344,21
2020-04-12,MA,398,24
2020-04-13,MA,445,27
2020-04-14,MA,478,32
2020-04-15,MA,630,34
2020-04-16,MA,695,37
2020-04-17,MA,797,40
2020-04-18,MA,1040,44
2020-04-19,MA,1205,48
2020-04-20,MA,1320,54
2020-04-21,MA,1396,60
2020-04-22,MA,1604,66
2020-04-23,MA,1757,76
2020-04-24,MA,1951,88
2020-04-25,MA,2105,100
2020-04-26,MA,2223,112
2020-04-27,MA,2410,125
2020-04-28,MA,2528,145
2020-04-29,MA,2804,166
2020-04-30,MA,3190,184
2020-05-01,MA,3506,204
2020-05-02,MA,3805,224
2020-05-03,MA,4040,237
2020-05-04,MA,4227,249
2020-05-05,MA,4530,271
2020-05-06,MA,5028,291
2020-05-07,MA,5389,305
2020-05-08,MA,5909,330
2020-05-09,MA,6765,355
2020-05-10,MA,7599,379
2020-05-11,MA,8144,399
2020-05-12,MA,8526,423
2020-05-13,MA,9112,444
2020-05-14,MA,9801,470
2020-05-15,MA,10739,496
2020-05-16,MA,11592,524
2020-05-17,MA,12492,549
2020-05-18,MA,13238,576
2020-05-19,MA,14198,604
2020-05-20,MA,15114,634
2020-05-21,MA,16058,663
2020-05-22,MA,17212,693
2020-05-23,MA,18767,722
2020-05-24,MA,21191,754
2020-05-25,MA,22786,784
2020-05-26,MA,24278,817
2020-05-27,MA,26145,853
2020-05-28,MA,27979,887
2020-05-29,MA,30482,911
2020-05-30,MA,32620,932
2020-05-31,MA,34639,955
2020-06-01,MA,35297,976
2020-06-02,MA,36625,997
2020-06-03,MA,38174,1028
2020-03-20,PI,3,0
2020-03-21,PI,4,0
2020-03-22,PI,4,0
2020-03-23,PI,6,0
2020-03-24,PI,6,0
2020-03-25,PI,8,0
2020-03-26,PI,9,0
2020-03-27,PI,9,0
2020-03-28,PI,11,1
2020-03-29,PI,14,1
2020-03-30,PI,16,3
2020-03-31,PI,18,4
2020-04-01,PI,18,4
2020-04-02,PI,19,4
2020-04-03,PI,21,4
2020-04-04,PI,22,4
2020-04-05,PI,23,4
2020-04-06,PI,23,4
2020-04-07,PI,28,4
2020-04-08,PI,31,5
2020-04-09,PI,38,6
2020-04-10,PI,40,7
2020-04-11,PI,41,7
2020-04-12,PI,44,7
2020-04-13,PI,50,8
2020-04-14,PI,58,8
2020-04-15,PI,75,8
2020-04-16,PI,91,8
2020-04-17,PI,102,8
2020-04-18,PI,123,9
2020-04-19,PI,145,10
2020-04-20,PI,158,12
2020-04-21,PI,186,14
2020-04-22,PI,206,15
2020-04-23,PI,217,15
2020-04-24,PI,256,16
2020-04-25,PI,297,17
2020-04-26,PI,331,18
2020-04-27,PI,364,20
2020-04-28,PI,408,21
2020-04-29,PI,454,24
2020-04-30,PI,513,24
2020-05-01,PI,600,24
2020-05-02,PI,665,26
2020-05-03,PI,742,28
2020-05-04,PI,784,28
2020-05-05,PI,875,29
2020-05-06,PI,949,30
2020-05-07,PI,1051,35
2020-05-08,PI,1131,37
2020-05-09,PI,1233,38
2020-05-10,PI,1278,42
2020-05-11,PI,1332,45
2020-05-12,PI,1443,49
2020-05-13,PI,1612,57
2020-05-14,PI,1784,60
2020-05-15,PI,1905,60
2020-05-16,PI,2085,65
2020-05-17,PI,2252,72
2020-05-18,PI,2287,80
2020-05-19,PI,2440,85
2020-05-20,PI,2637,87
2020-05-21,PI,2852,91
2020-05-22,PI,3074,93
2020-05-23,PI,3258,99
2020-05-24,PI,3390,107
2020-05-25,PI,3550,110
2020-05-26,PI,3720,119
2020-05-27,PI,3966,134
2020-05-28,PI,4243,138
2020-05-29,PI,4503,146
2020-05-30,PI,4745,157
2020-05-31,PI,4931,161
2020-06-01,PI,5119,168
2020-06-02,PI,5506,180
2020-06-03,PI,5828,192
2020-03-17,CE,5,0
2020-03-18,CE,9,0
2020-03-19,CE,20,0
2020-03-20,CE,55,0
2020-03-21,CE,68,0
2020-03-22,CE,112,0
2020-03-23,CE,163,0
2020-03-24,CE,182,0
2020-03-25,CE,200,0
2020-03-26,CE,235,3
2020-03-27,CE,282,3
2020-03-28,CE,314,4
2020-03-29,CE,348,5
2020-03-30,CE,372,5
2020-03-31,CE,390,7
2020-04-01,CE,444,8
2020-04-02,CE,550,20
2020-04-03,CE,627,22
2020-04-04,CE,730,22
2020-04-05,CE,823,26
2020-04-06,CE,1013,29
2020-04-07,CE,1051,31
2020-04-08,CE,1291,43
2020-04-09,CE,1425,55
2020-04-10,CE,1478,58
2020-04-11,CE,1582,67
2020-04-12,CE,1676,74
2020-04-13,CE,1800,91
2020-04-14,CE,2005,107
2020-04-15,CE,2157,116
2020-04-16,CE,2386,124
2020-04-17,CE,2684,149
2020-04-18,CE,3034,176
2020-04-19,CE,3252,186
2020-04-20,CE,3482,198
2020-04-21,CE,3716,215
2020-04-22,CE,3910,233
2020-04-23,CE,4598,266
2020-04-24,CE,4800,284
2020-04-25,CE,5421,310
2020-04-26,CE,5833,327
2020-04-27,CE,6726,390
2020-04-28,CE,6918,403
2020-04-29,CE,7267,441
2020-04-30,CE,7606,482
2020-05-01,CE,7879,505
2020-05-02,CE,8231,614
2020-05-03,CE,8370,663
2020-05-04,CE,11040,712
2020-05-05,CE,11470,795
2020-05-06,CE,12304,848
2020-05-07,CE,13888,903
2020-05-08,CE,14956,966
2020-05-09,CE,15879,1062
2020-05-10,CE,16692,1114
2020-05-11,CE,17599,1189
2020-05-12,CE,18412,1280
2020-05-13,CE,19156,1389
2020-05-14,CE,21077,1413
2020-05-15,CE,22490,1476
2020-05-16,CE,23795,1614
2020-05-17,CE,24255,1641
2020-05-18,CE,26363,1748
2020-05-19,CE,28112,1856
2020-05-20,CE,30560,1900
2020-05-21,CE,31413,2161
2020-05-22,CE,34573,2251
2020-05-23,CE,35122,2308
2020-05-24,CE,35595,2324
2020-05-25,CE,36185,2493
2020-05-26,CE,37021,2603
2020-05-27,CE,37275,2671
2020-05-28,CE,37821,2733
2020-05-29,CE,38395,2859
2020-05-30,CE,46506,2956
2020-05-31,CE,48489,3010
2020-06-01,CE,50504,3188
2020-06-02,CE,53073,3421
2020-06-03,CE,56056,3605
2020-03-13,RN,1,0
2020-03-14,RN,1,0
2020-03-15,RN,1,0
2020-03-16,RN,1,0
2020-03-17,RN,1,0
2020-03-18,RN,1,0
2020-03-19,RN,1,0
2020-03-20,RN,1,0
2020-03-21,RN,6,0
2020-03-22,RN,9,0
2020-03-23,RN,13,0
2020-03-24,RN,13,0
2020-03-25,RN,14,0
2020-03-26,RN,19,0
2020-03-27,RN,28,0
2020-03-28,RN,45,0
2020-03-29,RN,68,1
2020-03-30,RN,77,1
2020-03-31,RN,82,1
2020-04-01,RN,92,2
2020-04-02,RN,105,2
2020-04-03,RN,176,4
2020-04-04,RN,212,5
2020-04-05,RN,242,7
2020-04-06,RN,246,7
2020-04-07,RN,254,8
2020-04-08,RN,261,11
2020-04-09,RN,261,11
2020-04-10,RN,263,11
2020-04-11,RN,289,13
2020-04-12,RN,302,15
2020-04-13,RN,339,17
2020-04-14,RN,376,18
2020-04-15,RN,399,19
2020-04-16,RN,400,20
2020-04-17,RN,463,23
2020-04-18,RN,516,24
2020-04-19,RN,531,25
2020-04-20,RN,595,27
2020-04-21,RN,608,28
2020-04-22,RN,646,29
2020-04-23,RN,708,34
2020-04-24,RN,754,38
2020-04-25,RN,781,40
2020-04-26,RN,825,44
2020-04-27,RN,832,45
2020-04-28,RN,857,48
2020-04-29,RN,1086,53
2020-04-30,RN,1177,56
2020-05-01,RN,1297,56
2020-05-02,RN,1366,59
2020-05-03,RN,1392,61
2020-05-04,RN,1421,62
2020-05-05,RN,1536,68
2020-05-06,RN,1574,72
2020-05-07,RN,1739,76
2020-05-08,RN,1821,81
2020-05-09,RN,1919,87
2020-05-10,RN,1928,88
2020-05-11,RN,1989,92
2020-05-12,RN,2033,93
2020-05-13,RN,2367,105
2020-05-14,RN,2537,117
2020-05-15,RN,2786,122
2020-05-16,RN,3004,136
2020-05-17,RN,3137,139
2020-05-18,RN,3184,146
2020-05-19,RN,3483,160
2020-05-20,RN,3796,170
2020-05-21,RN,4060,178
2020-05-22,RN,4251,181
2020-05-23,RN,4599,184
2020-05-24,RN,4697,200
2020-05-25,RN,4759,209
2020-05-26,RN,5472,220
2020-05-27,RN,5630,242
2020-05-28,RN,5630,254
2020-05-29,RN,6463,268
2020-05-30,RN,7402,305
2020-05-31,RN,7402,305
2020-06-01,RN,7964,323
2020-06-02,RN,8233,341
2020-06-03,RN,9149,367
2020-03-19,PB,1,0
2020-03-20,PB,1,0
2020-03-21,PB,1,0
2020-03-22,PB,1,0
2020-03-23,PB,2,0
2020-03-24,PB,3,0
2020-03-25,PB,3,0
2020-03-26,PB,5,0
2020-03-27,PB,9,0
2020-03-28,PB,14,0
2020-03-29,PB,14,0
2020-03-30,PB,15,0
2020-03-31,PB,17,0
2020-04-01,PB,20,1
2020-04-02,PB,21,1
2020-04-03,PB,29,1
2020-04-04,PB,32,2
2020-04-05,PB,34,4
2020-04-06,PB,35,4
2020-04-07,PB,36,4
2020-04-08,PB,41,4
2020-04-09,PB,55,7
2020-04-10,PB,79,11
2020-04-11,PB,85,11
2020-04-12,PB,101,13
2020-04-13,PB,111,13
2020-04-14,PB,136,16
2020-04-15,PB,151,21
2020-04-16,PB,165,24
2020-04-17,PB,195,26
2020-04-18,PB,205,26
2020-04-19,PB,236,29
2020-04-20,PB,245,32
2020-04-21,PB,263,33
2020-04-22,PB,301,39
2020-04-23,PB,345,40
2020-04-24,PB,386,44
2020-04-25,PB,447,46
2020-04-26,PB,499,49
2020-04-27,PB,543,50
2020-04-28,PB,633,53
2020-04-29,PB,699,58
2020-04-30,PB,814,62
2020-05-01,PB,926,67
2020-05-02,PB,1034,74
2020-05-03,PB,1169,76
2020-05-04,PB,1219,79
2020-05-05,PB,1361,85
2020-05-06,PB,1493,92
2020-05-07,PB,1657,101
2020-05-08,PB,2031,114
2020-05-09,PB,2156,124
2020-05-10,PB,2341,135
2020-05-11,PB,2525,139
2020-05-12,PB,2777,154
2020-05-13,PB,3045,157
2020-05-14,PB,3361,160
2020-05-15,PB,3739,170
2020-05-16,PB,4063,183
2020-05-17,PB,4347,194
2020-05-18,PB,4786,207
2020-05-19,PB,5300,219
2020-05-20,PB,5838,230
2020-05-21,PB,6238,245
2020-05-22,PB,6882,248
2020-05-23,PB,7508,258
2020-05-24,PB,7823,272
2020-05-25,PB,8016,279
2020-05-26,PB,8919,286
2020-05-27,PB,10209,298
2020-05-28,PB,11132,318
2020-05-29,PB,12011,327
2020-05-30,PB,12862,347
2020-05-31,PB,13162,360
2020-06-01,PB,13695,370
2020-06-02,PB,14859,379
2020-06-03,PB,16018,414
2020-03-12,PE,2,0
2020-03-13,PE,2,0
2020-03-14,PE,2,0
2020-03-15,PE,2,0
2020-03-16,PE,2,0
2020-03-17,PE,16,0
2020-03-18,PE,16,0
2020-03-19,PE,28,0
2020-03-20,PE,30,0
2020-03-21,PE,30,0
2020-03-22,PE,37,0
2020-03-23,PE,42,0
2020-03-24,PE,42,0
2020-03-25,PE,46,1
2020-03-26,PE,48,3
2020-03-27,PE,56,4
2020-03-28,PE,68,5
2020-03-29,PE,73,5
2020-03-30,PE,78,6
2020-03-31,PE,87,6
2020-04-01,PE,95,8
2020-04-02,PE,106,9
2020-04-03,PE,136,10
2020-04-04,PE,176,14
2020-04-05,PE,201,21
2020-04-06,PE,223,30
2020-04-07,PE,352,34
2020-04-08,PE,401,46
2020-04-09,PE,555,56
2020-04-10,PE,684,65
2020-04-11,PE,816,72
2020-04-12,PE,960,85
2020-04-13,PE,1154,102
2020-04-14,PE,1284,115
2020-04-15,PE,1484,143
2020-04-16,PE,1683,160
2020-04-17,PE,2006,186
2020-04-18,PE,2193,205
2020-04-19,PE,2459,216
2020-04-20,PE,2690,234
2020-04-21,PE,2908,260
2020-04-22,PE,3298,282
2020-04-23,PE,3519,312
2020-04-24,PE,3999,352
2020-04-25,PE,4507,381
2020-04-26,PE,4898,415
2020-04-27,PE,5358,450
2020-04-28,PE,5724,508
2020-04-29,PE,6194,538
2020-04-30,PE,6876,565
2020-05-01,PE,7334,603
2020-05-02,PE,8145,628
2020-05-03,PE,8643,652
2020-05-04,PE,8863,691
2020-05-05,PE,9325,749
2020-05-06,PE,9881,803
2020-05-07,PE,10824,845
2020-05-08,PE,11587,927
2020-05-09,PE,12470,972
2020-05-10,PE,13275,1047
2020-05-11,PE,13768,1087
2020-05-12,PE,14309,1157
2020-05-13,PE,14901,1224
2020-05-14,PE,15588,1298
2020-05-15,PE,16209,1381
2020-05-16,PE,18488,1461
2020-05-17,PE,19452,1516
2020-05-18,PE,20094,1640
2020-05-19,PE,21242,1741
2020-05-20,PE,22560,1834
2020-05-21,PE,23911,1925
2020-05-22,PE,25760,2057
2020-05-23,PE,26786,2144
2020-05-24,PE,27759,2200
2020-05-25,PE,28366,2248
2020-05-26,PE,28854,2328
2020-05-27,PE,29919,2468
2020-05-28,PE,30713,2566
2020-05-29,PE,32255,2669
2020-05-30,PE,33427,2740
2020-05-31,PE,34450,2807
2020-06-01,PE,34900,2875
2020-06-02,PE,35508,2933
2020-06-03,PE,36463,3012
2020-03-08,AL,1,0
2020-03-09,AL,1,0
2020-03-10,AL,1,0
2020-03-11,AL,1,0
2020-03-12,AL,1,0
2020-03-13,AL,1,0
2020-03-14,AL,1,0
2020-03-15,AL,1,0
2020-03-16,AL,1,0
2020-03-17,AL,1,0
2020-03-18,AL,1,0
2020-03-19,AL,4,0
2020-03-20,AL,5,0
2020-03-21,AL,7,0
2020-03-22,AL,7,0
2020-03-23,AL,7,0
2020-03-24,AL,9,0
2020-03-25,AL,11,0
2020-03-26,AL,11,0
2020-03-27,AL,11,0
2020-03-28,AL,14,0
2020-03-29,AL,17,0
2020-03-30,AL,17,0
2020-03-31,AL,18,1
2020-04-01,AL,18,1
2020-04-02,AL,18,1
2020-04-03,AL,22,2
2020-04-04,AL,23,2
2020-04-05,AL,28,2
2020-04-06,AL,31,2
2020-04-07,AL,32,2
2020-04-08,AL,37,2
2020-04-09,AL,37,3
2020-04-10,AL,45,3
2020-04-11,AL,48,3
2020-04-12,AL,48,3
2020-04-13,AL,50,3
2020-04-14,AL,72,4
2020-04-15,AL,82,5
2020-04-16,AL,89,5
2020-04-17,AL,110,7
2020-04-18,AL,132,7
2020-04-19,AL,159,15
2020-04-20,AL,171,18
2020-04-21,AL,210,19
2020-04-22,AL,243,20
2020-04-23,AL,324,22
2020-04-24,AL,413,27
2020-04-25,AL,501,29
2020-04-26,AL,554,32
2020-04-27,AL,643,34
2020-04-28,AL,777,36
2020-04-29,AL,957,41
2020-04-30,AL,1044,47
2020-05-01,AL,1226,53
2020-05-02,AL,1372,58
2020-05-03,AL,1441,64
2020-05-04,AL,1538,72
2020-05-05,AL,1606,80
2020-05-06,AL,1703,89
2020-05-07,AL,1867,98
2020-05-08,AL,2033,108
2020-05-09,AL,2172,114
2020-05-10,AL,2258,126
2020-05-11,AL,2343,138
2020-05-12,AL,2580,150
2020-05-13,AL,2761,164
2020-05-14,AL,2972,177
2020-05-15,AL,3212,187
2020-05-16,AL,3593,199
2020-05-17,AL,3816,210
2020-05-18,AL,4031,221
2020-05-19,AL,4316,231
2020-05-20,AL,4437,251
2020-05-21,AL,4916,262
2020-05-22,AL,5302,280
2020-05-23,AL,5630,301
2020-05-24,AL,6214,316
2020-05-25,AL,6682,337
2020-05-26,AL,7058,354
2020-05-27,AL,7580,368
2020-05-28,AL,8055,385
2020-05-29,AL,8618,406
2020-05-30,AL,9223,424
2020-05-31,AL,10288,443
2020-06-01,AL,10837,461
2020-06-02,AL,11559,482
2020-06-03,AL,12407,506
2020-03-15,SE,1,0
2020-03-16,SE,1,0
2020-03-17,SE,4,0
2020-03-18,SE,5,0
2020-03-19,SE,6,0
2020-03-20,SE,6,0
2020-03-21,SE,10,0
2020-03-22,SE,10,0
2020-03-23,SE,10,0
2020-03-24,SE,15,0
2020-03-25,SE,16,0
2020-03-26,SE,16,0
2020-03-27,SE,16,0
2020-03-28,SE,16,0
2020-03-29,SE,16,0
2020-03-30,SE,16,0
2020-03-31,SE,19,0
2020-04-01,SE,20,0
2020-04-02,SE,23,2
2020-04-03,SE,25,2
2020-04-04,SE,27,2
2020-04-05,SE,32,3
2020-04-06,SE,32,4
2020-04-07,SE,36,4
2020-04-08,SE,36,4
2020-04-09,SE,39,4
2020-04-10,SE,42,4
2020-04-11,SE,42,4
2020-04-12,SE,44,4
2020-04-13,SE,44,4
2020-04-14,SE,45,4
2020-04-15,SE,46,4
2020-04-16,SE,48,4
2020-04-17,SE,53,4
2020-04-18,SE,71,5
2020-04-19,SE,83,5
2020-04-20,SE,86,5
2020-04-21,SE,92,5
2020-04-22,SE,117,7
2020-04-23,SE,124,8
2020-04-24,SE,144,8
2020-04-25,SE,153,9
2020-04-26,SE,159,9
2020-04-27,SE,197,10
2020-04-28,SE,280,11
2020-04-29,SE,337,12
2020-04-30,SE,447,12
2020-05-01,SE,517,14
2020-05-02,SE,601,14
2020-05-03,SE,730,14
2020-05-04,SE,772,17
2020-05-05,SE,898,21
2020-05-06,SE,998,23
2020-05-07,SE,1214,25
2020-05-08,SE,1438,28
2020-05-09,SE,1588,33
2020-05-10,SE,1771,34
2020-05-11,SE,1800,37
2020-05-12,SE,2032,37
2020-05-13,SE,2268,42
2020-05-14,SE,2494,47
2020-05-15,SE,2868,50
2020-05-16,SE,3135,53
2020-05-17,SE,3343,57
2020-05-18,SE,3566,59
2020-05-19,SE,3967,63
2020-05-20,SE,4277,69
2020-05-21,SE,4734,76
2020-05-22,SE,4922,82
2020-05-23,SE,5131,86
2020-05-24,SE,5314,93
2020-05-25,SE,5448,103
2020-05-26,SE,5735,116
2020-05-27,SE,5912,127
2020-05-28,SE,6156,135
2020-05-29,SE,6462,142
2020-05-30,SE,6805,149
2020-05-31,SE,6999,158
2020-06-01,SE,7233,166
2020-06-02,SE,7555,172
2020-06-03,SE,7989,180
2020-03-06,BA,1,0
2020-03-07,BA,2,0
2020-03-08,BA,2,0
2020-03-09,BA,2,0
2020-03-10,BA,2,0
2020-03-11,BA,2,0
2020-03-12,BA,2,0
2020-03-13,BA,2,0
2020-03-14,BA,2,0
2020-03-15,BA,2,0
2020-03-16,BA,2,0
2020-03-17,BA,3,0
2020-03-18,BA,3,0
2020-03-19,BA,30,0
2020-03-20,BA,33,0
2020-03-21,BA,41,0
2020-03-22,BA,49,0
2020-03-23,BA,63,0
2020-03-24,BA,76,0
2020-03-25,BA,84,0
2020-03-26,BA,104,0
2020-03-27,BA,115,0
2020-03-28,BA,127,0
2020-03-29,BA,154,1
2020-03-30,BA,176,1
2020-03-31,BA,213,2
2020-04-01,BA,246,2
2020-04-02,BA,267,3
2020-04-03,BA,282,5
2020-04-04,BA,332,7
2020-04-05,BA,401,9
2020-04-06,BA,431,10
2020-04-07,BA,456,12
2020-04-08,BA,497,15
2020-04-09,BA,559,19
2020-04-10,BA,604,19
2020-04-11,BA,635,21
2020-04-12,BA,673,21
2020-04-13,BA,723,22
2020-04-14,BA,759,22
2020-04-15,BA,807,27
2020-04-16,BA,951,30
2020-04-17,BA,1059,36
2020-04-18,BA,1193,37
2020-04-19,BA,1230,45
2020-04-20,BA,1341,46
2020-04-21,BA,1489,47
2020-04-22,BA,1644,50
2020-04-23,BA,1789,59
2020-04-24,BA,1962,64
2020-04-25,BA,2081,70
2020-04-26,BA,2209,73
2020-04-27,BA,2354,76
2020-04-28,BA,2540,86
2020-04-29,BA,2646,96
2020-04-30,BA,2851,104
2020-05-01,BA,3085,117
2020-05-02,BA,3267,123
2020-05-03,BA,3495,123
2020-05-04,BA,3734,141
2020-05-05,BA,4040,146
2020-05-06,BA,4301,160
2020-05-07,BA,4528,165
2020-05-08,BA,4818,183
2020-05-09,BA,5174,196
2020-05-10,BA,5558,202
2020-05-11,BA,5808,211
2020-05-12,BA,6204,225
2020-05-13,BA,6547,236
2020-05-14,BA,6955,262
2020-05-15,BA,8128,281
2020-05-16,BA,8314,286
2020-05-17,BA,8443,295
2020-05-18,BA,8581,312
2020-05-19,BA,11013,326
2020-05-20,BA,11197,362
2020-05-21,BA,11941,376
2020-05-22,BA,12557,399
2020-05-23,BA,13000,413
2020-05-24,BA,13899,460
2020-05-25,BA,14204,477
2020-05-26,BA,14566,495
2020-05-27,BA,15070,531
2020-05-28,BA,15963,570
2020-05-29,BA,16917,609
2020-05-30,BA,17626,638
2020-05-31,BA,18392,667
2020-06-01,BA,18898,701
2020-06-02,BA,21430,736
2020-06-03,BA,22451,762
2020-03-08,MG,1,0
2020-03-09,MG,1,0
2020-03-10,MG,1,0
2020-03-11,MG,1,0
2020-03-12,MG,1,0
2020-03-13,MG,2,0
2020-03-14,MG,2,0
2020-03-15,MG,2,0
2020-03-16,MG,5,0
2020-03-17,MG,7,0
2020-03-18,MG,15,0
2020-03-19,MG,29,0
2020-03-20,MG,35,0
2020-03-21,MG,38,0
2020-03-22,MG,83,0
2020-03-23,MG,128,0
2020-03-24,MG,130,0
2020-03-25,MG,133,0
2020-03-26,MG,153,0
2020-03-27,MG,189,0
2020-03-28,MG,205,0
2020-03-29,MG,231,0
2020-03-30,MG,261,1
2020-03-31,MG,275,2
2020-04-01,MG,314,3
2020-04-02,MG,370,4
2020-04-03,MG,397,6
2020-04-04,MG,430,6
2020-04-05,MG,498,6
2020-04-06,MG,525,9
2020-04-07,MG,559,11
2020-04-08,MG,614,14
2020-04-09,MG,655,15
2020-04-10,MG,698,17
2020-04-11,MG,750,17
2020-04-12,MG,806,20
2020-04-13,MG,815,23
2020-04-14,MG,884,27
2020-04-15,MG,903,30
2020-04-16,MG,958,33
2020-04-17,MG,1021,35
2020-04-18,MG,1077,39
2020-04-19,MG,1154,39
2020-04-20,MG,1189,41
2020-04-21,MG,1230,44
2020-04-22,MG,1283,47
2020-04-23,MG,1308,51
2020-04-24,MG,1419,54
2020-04-25,MG,1481,58
2020-04-26,MG,1548,61
2020-04-27,MG,1586,62
2020-04-28,MG,1649,71
2020-04-29,MG,1758,80
2020-04-30,MG,1827,82
2020-05-01,MG,1935,88
2020-05-02,MG,2023,88
2020-05-03,MG,2118,89
2020-05-04,MG,2347,90
2020-05-05,MG,2452,94
2020-05-06,MG,2605,97
2020-05-07,MG,2770,106
2020-05-08,MG,2943,111
2020-05-09,MG,3123,118
2020-05-10,MG,3237,119
2020-05-11,MG,3320,121
2020-05-12,MG,3435,127
2020-05-13,MG,3733,135
2020-05-14,MG,3950,139
2020-05-15,MG,4196,146
2020-05-16,MG,4474,150
2020-05-17,MG,4611,156
2020-05-18,MG,4695,161
2020-05-19,MG,4977,167
2020-05-20,MG,5286,177
2020-05-21,MG,5596,191
2020-05-22,MG,5995,201
2020-05-23,MG,6338,217
2020-05-24,MG,6668,226
2020-05-25,MG,6962,230
2020-05-26,MG,7516,234
2020-05-27,MG,8011,240
2020-05-28,MG,8686,255
2020-05-29,MG,9232,257
2020-05-30,MG,9630,263
2020-05-31,MG,10464,271
2020-06-01,MG,10670,278
2020-06-02,MG,10939,289
2020-06-03,MG,12010,306
2020-03-06,ES,1,0
2020-03-07,ES,1,0
2020-03-08,ES,1,0
2020-03-09,ES,1,0
2020-03-10,ES,1,0
2020-03-11,ES,1,0
2020-03-12,ES,1,0
2020-03-13,ES,1,0
2020-03-14,ES,1,0
2020-03-15,ES,1,0
2020-03-16,ES,1,0
2020-03-17,ES,1,0
2020-03-18,ES,9,0
2020-03-19,ES,11,0
2020-03-20,ES,13,0
2020-03-21,ES,26,0
2020-03-22,ES,26,0
2020-03-23,ES,29,0
2020-03-24,ES,33,0
2020-03-25,ES,39,0
2020-03-26,ES,39,0
2020-03-27,ES,47,0
2020-03-28,ES,53,0
2020-03-29,ES,60,0
2020-03-30,ES,72,0
2020-03-31,ES,84,0
2020-04-01,ES,96,0
2020-04-02,ES,120,1
2020-04-03,ES,139,4
2020-04-04,ES,153,5
2020-04-05,ES,166,6
2020-04-06,ES,194,6
2020-04-07,ES,209,6
2020-04-08,ES,227,6
2020-04-09,ES,273,6
2020-04-10,ES,300,7
2020-04-11,ES,349,9
2020-04-12,ES,383,9
2020-04-13,ES,430,14
2020-04-14,ES,463,17
2020-04-15,ES,557,18
2020-04-16,ES,754,22
2020-04-17,ES,856,25
2020-04-18,ES,952,28
2020-04-19,ES,1099,30
2020-04-20,ES,1168,33
2020-04-21,ES,1212,34
2020-04-22,ES,1313,34
2020-04-23,ES,1363,42
2020-04-24,ES,1381,42
2020-04-25,ES,1595,47
2020-04-26,ES,1703,51
2020-04-27,ES,1796,57
2020-04-28,ES,1874,64
2020-04-29,ES,2107,76
2020-04-30,ES,2465,83
2020-05-01,ES,2662,96
2020-05-02,ES,2948,102
2020-05-03,ES,3086,114
2020-05-04,ES,3226,122
2020-05-05,ES,3402,133
2020-05-06,ES,3568,145
2020-05-07,ES,3838,155
2020-05-08,ES,4242,165
2020-05-09,ES,4412,172
2020-05-10,ES,4599,181
2020-05-11,ES,4819,196
2020-05-12,ES,5087,212
2020-05-13,ES,5401,233
2020-05-14,ES,5813,249
2020-05-15,ES,6198,260
2020-05-16,ES,6595,271
2020-05-17,ES,6744,285
2020-05-18,ES,7157,302
2020-05-19,ES,7693,325
2020-05-20,ES,8092,341
2020-05-21,ES,8878,363
2020-05-22,ES,9520,397
2020-05-23,ES,9918,417
2020-05-24,ES,10007,446
2020-05-25,ES,10365,465
2020-05-26,ES,10889,487
2020-05-27,ES,11484,511
2020-05-28,ES,12203,538
2020-05-29,ES,12903,560
2020-05-30,ES,13437,583
2020-05-31,ES,13690,604
2020-06-01,ES,14069,614
2020-06-02,ES,15151,664
2020-06-03,ES,16121,698
2020-03-05,RJ,1,0
2020-03-06,RJ,1,0
2020-03-07,RJ,2,0
2020-03-08,RJ,3,0
2020-03-09,RJ,3,0
2020-03-10,RJ,8,0
2020-03-11,RJ,13,0
2020-03-12,RJ,16,0
2020-03-13,RJ,16,0
2020-03-14,RJ,22,0
2020-03-15,RJ,24,0
2020-03-16,RJ,31,0
2020-03-17,RJ,33,0
2020-03-18,RJ,45,0
2020-03-19,RJ,65,2
2020-03-20,RJ,109,2
2020-03-21,RJ,119,3
2020-03-22,RJ,186,3
2020-03-23,RJ,233,4
2020-03-24,RJ,305,6
2020-03-25,RJ,370,6
2020-03-26,RJ,421,9
2020-03-27,RJ,493,10
2020-03-28,RJ,558,13
2020-03-29,RJ,600,17
2020-03-30,RJ,657,18
2020-03-31,RJ,708,23
2020-04-01,RJ,832,28
2020-04-02,RJ,992,41
2020-04-03,RJ,1074,47
2020-04-04,RJ,1246,58
2020-04-05,RJ,1394,64
2020-04-06,RJ,1461,71
2020-04-07,RJ,1688,89
2020-04-08,RJ,1938,106
2020-04-09,RJ,2216,122
2020-04-10,RJ,2464,147
2020-04-11,RJ,2607,155
2020-04-12,RJ,2855,170
2020-04-13,RJ,3231,188
2020-04-14,RJ,3410,224
2020-04-15,RJ,3743,265
2020-04-16,RJ,3944,300
2020-04-17,RJ,4349,341
2020-04-18,RJ,4543,387
2020-04-19,RJ,4765,402
2020-04-20,RJ,4899,422
2020-04-21,RJ,5306,461
2020-04-22,RJ,5552,490
2020-04-23,RJ,6172,530
2020-04-24,RJ,6282,570
2020-04-25,RJ,6828,615
2020-04-26,RJ,7111,645
2020-04-27,RJ,7944,677
2020-04-28,RJ,8504,738
2020-04-29,RJ,8869,794
2020-04-30,RJ,9453,854
2020-05-01,RJ,10166,921
2020-05-02,RJ,10546,971
2020-05-03,RJ,11139,1019
2020-05-04,RJ,11721,1065
2020-05-05,RJ,12391,1123
2020-05-06,RJ,13295,1205
2020-05-07,RJ,14156,1394
2020-05-08,RJ,15741,1503
2020-05-09,RJ,16929,1653
2020-05-10,RJ,17062,1714
2020-05-11,RJ,17939,1770
2020-05-12,RJ,18486,1928
2020-05-13,RJ,18728,2050
2020-05-14,RJ,19467,2247
2020-05-15,RJ,19987,2438
2020-05-16,RJ,21601,2614
2020-05-17,RJ,22238,2715
2020-05-18,RJ,26665,2852
2020-05-19,RJ,27805,3079
2020-05-20,RJ,30372,3237
2020-05-21,RJ,32089,3412
2020-05-22,RJ,33589,3657
2020-05-23,RJ,34533,3905
2020-05-24,RJ,37912,3993
2020-05-25,RJ,39298,4105
2020-05-26,RJ,40024,4361
2020-05-27,RJ,42398,4605
2020-05-28,RJ,44886,4856
2020-05-29,RJ,47953,5079
2020-05-30,RJ,52420,5277
2020-05-31,RJ,53388,5344
2020-06-01,RJ,54530,5462
2020-06-02,RJ,56732,5686
2020-06-03,RJ,59240,6010
2020-02-26,SP,1,0
2020-02-27,SP,1,0
2020-02-28,SP,1,0
2020-02-29,SP,2,0
2020-03-01,SP,2,0
2020-03-02,SP,2,0
2020-03-03,SP,2,0
2020-03-04,SP,3,0
2020-03-05,SP,6,0
2020-03-06,SP,10,0
2020-03-07,SP,13,0
2020-03-08,SP,16,0
2020-03-09,SP,16,0
2020-03-10,SP,19,0
2020-03-11,SP,30,0
2020-03-12,SP,42,0
2020-03-13,SP,56,0
2020-03-14,SP,65,0
2020-03-15,SP,136,0
2020-03-16,SP,152,0
2020-03-17,SP,164,1
2020-03-18,SP,240,4
2020-03-19,SP,286,4
2020-03-20,SP,396,9
2020-03-21,SP,459,15
2020-03-22,SP,631,22
2020-03-23,SP,745,30
2020-03-24,SP,810,40
2020-03-25,SP,862,48
2020-03-26,SP,1052,58
2020-03-27,SP,1223,68
2020-03-28,SP,1406,84
2020-03-29,SP,1451,98
2020-03-30,SP,1517,113
2020-03-31,SP,2339,136
2020-04-01,SP,2981,164
2020-04-02,SP,3506,188
2020-04-03,SP,4048,219
2020-04-04,SP,4466,260
2020-04-05,SP,4620,275
2020-04-06,SP,4866,304
2020-04-07,SP,5682,371
2020-04-08,SP,6708,428
2020-04-09,SP,7480,496
2020-04-10,SP,8216,540
2020-04-11,SP,8419,560
2020-04-12,SP,8755,588
2020-04-13,SP,8895,608
2020-04-14,SP,9371,695
2020-04-15,SP,11043,778
2020-04-16,SP,11568,853
2020-04-17,SP,12841,928
2020-04-18,SP,13894,991
2020-04-19,SP,14267,1015
2020-04-20,SP,14580,1037
2020-04-21,SP,15385,1093
2020-04-22,SP,15914,1134
2020-04-23,SP,16740,1345
2020-04-24,SP,17826,1512
2020-04-25,SP,20004,1667
2020-04-26,SP,20715,1700
2020-04-27,SP,21696,1825
2020-04-28,SP,24041,2049
2020-04-29,SP,26158,2247
2020-04-30,SP,28698,2375
2020-05-01,SP,30374,2511
2020-05-02,SP,31174,2586
2020-05-03,SP,31772,2627
2020-05-04,SP,32187,2654
2020-05-05,SP,34053,2851
2020-05-06,SP,37853,3045
2020-05-07,SP,39928,3206
2020-05-08,SP,41830,3416
2020-05-09,SP,44411,3608
2020-05-10,SP,45444,3709
2020-05-11,SP,46131,3743
2020-05-12,SP,47719,3949
2020-05-13,SP,51097,4118
2020-05-14,SP,54286,4315
2020-05-15,SP,58378,4501
2020-05-16,SP,61183,4688
2020-05-17,SP,62345,4782
2020-05-18,SP,63066,4823
2020-05-19,SP,65995,5147
2020-05-20,SP,69859,5363
2020-05-21,SP,73739,5558
2020-05-22,SP,76871,5773
2020-05-23,SP,80558,6045
2020-05-24,SP,82161,6163
2020-05-25,SP,83625,6220
2020-05-26,SP,86017,6423
2020-05-27,SP,89483,6712
2020-05-28,SP,95865,6980
2020-05-29,SP,101556,7275
2020-05-30,SP,107142,7532
2020-05-31,SP,109698,7615
2020-06-01,SP,111296,7667
2020-06-02,SP,118295,7994
2020-06-03,SP,123483,8276
2020-03-12,PR,6,0
2020-03-13,PR,6,0
2020-03-14,PR,6,0
2020-03-15,PR,6,0
2020-03-16,PR,6,0
2020-03-17,PR,6,0
2020-03-18,PR,13,0
2020-03-19,PR,23,0
2020-03-20,PR,32,0
2020-03-21,PR,43,0
2020-03-22,PR,50,0
2020-03-23,PR,56,0
2020-03-24,PR,65,0
2020-03-25,PR,81,0
2020-03-26,PR,102,0
2020-03-27,PR,119,2
2020-03-28,PR,133,2
2020-03-29,PR,148,2
2020-03-30,PR,155,3
2020-03-31,PR,179,3
2020-04-01,PR,224,3
2020-04-02,PR,252,4
2020-04-03,PR,301,4
2020-04-04,PR,395,6
2020-04-05,PR,438,9
2020-04-06,PR,458,11
2020-04-07,PR,503,15
2020-04-08,PR,539,17
2020-04-09,PR,609,22
2020-04-10,PR,643,25
2020-04-11,PR,676,26
2020-04-12,PR,738,30
2020-04-13,PR,756,31
2020-04-14,PR,791,36
2020-04-15,PR,803,38
2020-04-16,PR,832,41
2020-04-17,PR,874,42
2020-04-18,PR,945,46
2020-04-19,PR,987,48
2020-04-20,PR,1007,51
2020-04-21,PR,1024,51
2020-04-22,PR,1063,57
2020-04-23,PR,1082,60
2020-04-24,PR,1119,64
2020-04-25,PR,1140,69
2020-04-26,PR,1156,72
2020-04-27,PR,1186,75
2020-04-28,PR,1271,77
2020-04-29,PR,1348,82
2020-04-30,PR,1407,83
2020-05-01,PR,1447,89
2020-05-02,PR,1492,90
2020-05-03,PR,1514,93
2020-05-04,PR,1562,94
2020-05-05,PR,1588,99
2020-05-06,PR,1627,101
2020-05-07,PR,1656,104
2020-05-08,PR,1711,106
2020-05-09,PR,1785,107
2020-05-10,PR,1835,109
2020-05-11,PR,1849,111
2020-05-12,PR,1906,113
2020-05-13,PR,1996,117
2020-05-14,PR,2063,119
2020-05-15,PR,2139,120
2020-05-16,PR,2242,123
2020-05-17,PR,2286,124
2020-05-18,PR,2360,127
2020-05-19,PR,2481,129
2020-05-20,PR,2616,137
2020-05-21,PR,2810,141
2020-05-22,PR,2939,146
2020-05-23,PR,3099,150
2020-05-24,PR,3212,153
2020-05-25,PR,3331,156
2020-05-26,PR,3512,159
2020-05-27,PR,3712,162
2020-05-28,PR,3984,169
2020-05-29,PR,4236,173
2020-05-30,PR,4473,181
2020-05-31,PR,4687,182
2020-06-01,PR,4835,190
2020-06-02,PR,5163,199
2020-06-03,PR,5494,205
2020-03-13,SC,2,0
2020-03-14,SC,4,0
2020-03-15,SC,6,0
2020-03-16,SC,7,0
2020-03-17,SC,7,0
2020-03-18,SC,10,0
2020-03-19,SC,20,0
2020-03-20,SC,21,0
2020-03-21,SC,51,0
2020-03-22,SC,57,0
2020-03-23,SC,68,0
2020-03-24,SC,107,0
2020-03-25,SC,109,0
2020-03-26,SC,122,1
2020-03-27,SC,149,1
2020-03-28,SC,184,1
2020-03-29,SC,194,1
2020-03-30,SC,197,1
2020-03-31,SC,219,2
2020-04-01,SC,235,2
2020-04-02,SC,247,2
2020-04-03,SC,281,5
2020-04-04,SC,334,5
2020-04-05,SC,357,10
2020-04-06,SC,379,10
2020-04-07,SC,417,11
2020-04-08,SC,457,15
2020-04-09,SC,501,17
2020-04-10,SC,693,18
2020-04-11,SC,732,21
2020-04-12,SC,768,24
2020-04-13,SC,777,24
2020-04-14,SC,826,26
2020-04-15,SC,853,28
2020-04-16,SC,884,29
2020-04-17,SC,926,30
2020-04-18,SC,962,31
2020-04-19,SC,975,32
2020-04-20,SC,1025,35
2020-04-21,SC,1063,35
2020-04-22,SC,1091,37
2020-04-23,SC,1115,39
2020-04-24,SC,1170,42
2020-04-25,SC,1209,42
2020-04-26,SC,1235,42
2020-04-27,SC,1337,43
2020-04-28,SC,1476,44
2020-04-29,SC,1995,44
2020-04-30,SC,2085,46
2020-05-01,SC,2104,48
2020-05-02,SC,2346,52
2020-05-03,SC,2346,52
2020-05-04,SC,2519,52
2020-05-05,SC,2623,55
2020-05-06,SC,2917,59
2020-05-07,SC,3082,63
2020-05-08,SC,3205,63
2020-05-09,SC,3372,64
2020-05-10,SC,3429,65
2020-05-11,SC,3529,69
2020-05-12,SC,3733,73
2020-05-13,SC,3828,73
2020-05-14,SC,4332,78
2020-05-15,SC,4562,79
2020-05-16,SC,4678,81
2020-05-17,SC,4776,83
2020-05-18,SC,5175,85
2020-05-19,SC,5413,91
2020-05-20,SC,5499,94
2020-05-21,SC,5610,98
2020-05-22,SC,6458,100
2020-05-23,SC,6607,103
2020-05-24,SC,6696,105
2020-05-25,SC,6875,109
2020-05-26,SC,7016,121
2020-05-27,SC,7372,126
2020-05-28,SC,8000,131
2020-05-29,SC,8530,134
2020-05-30,SC,8778,136
2020-05-31,SC,9037,143
2020-06-01,SC,9498,146
2020-06-02,SC,9660,148
2020-06-03,SC,10034,152
2020-03-10,RS,1,0
2020-03-11,RS,2,0
2020-03-12,RS,4,0
2020-03-13,RS,4,0
2020-03-14,RS,6,0
2020-03-15,RS,6,0
2020-03-16,RS,6,0
2020-03-17,RS,10,0
2020-03-18,RS,19,0
2020-03-19,RS,28,0
2020-03-20,RS,37,0
2020-03-21,RS,60,0
2020-03-22,RS,72,0
2020-03-23,RS,86,0
2020-03-24,RS,98,0
2020-03-25,RS,123,1
2020-03-26,RS,168,1
2020-03-27,RS,195,2
2020-03-28,RS,197,2
2020-03-29,RS,226,2
2020-03-30,RS,241,3
2020-03-31,RS,274,4
2020-04-01,RS,306,4
2020-04-02,RS,334,5
2020-04-03,RS,396,5
2020-04-04,RS,410,6
2020-04-05,RS,418,7
2020-04-06,RS,481,7
2020-04-07,RS,508,8
2020-04-08,RS,555,9
2020-04-09,RS,618,12
2020-04-10,RS,636,14
2020-04-11,RS,640,15
2020-04-12,RS,653,16
2020-04-13,RS,664,16
2020-04-14,RS,700,18
2020-04-15,RS,747,19
2020-04-16,RS,780,19
2020-04-17,RS,802,22
2020-04-18,RS,831,24
2020-04-19,RS,854,24
2020-04-20,RS,889,27
2020-04-21,RS,904,27
2020-04-22,RS,923,27
2020-04-23,RS,994,29
2020-04-24,RS,1061,31
2020-04-25,RS,1096,34
2020-04-26,RS,1166,35
2020-04-27,RS,1228,42
2020-04-28,RS,1286,45
2020-04-29,RS,1368,50
2020-04-30,RS,1466,51
2020-05-01,RS,1529,58
2020-05-02,RS,1619,62
2020-05-03,RS,1666,65
2020-05-04,RS,1711,74
2020-05-05,RS,1815,79
2020-05-06,RS,2050,87
2020-05-07,RS,2129,90
2020-05-08,RS,2447,91
2020-05-09,RS,2493,95
2020-05-10,RS,2542,97
2020-05-11,RS,2576,105
2020-05-12,RS,2917,111
2020-05-13,RS,2917,111
2020-05-14,RS,2997,120
2020-05-15,RS,3597,126
2020-05-16,RS,3695,132
2020-05-17,RS,3735,142
2020-05-18,RS,3735,144
2020-05-19,RS,3750,151
2020-05-20,RS,4973,161
2020-05-21,RS,5473,166
2020-05-22,RS,5918,172
2020-05-23,RS,6336,176
2020-05-24,RS,6470,180
2020-05-25,RS,6559,197
2020-05-26,RS,6785,203
2020-05-27,RS,7048,209
2020-05-28,RS,8234,213
2020-05-29,RS,8234,213
2020-05-30,RS,9242,218
2020-05-31,RS,9332,224
2020-06-01,RS,9332,232
2020-06-02,RS,9919,245
2020-06-03,RS,10398,258
2020-03-16,MS,2,0
2020-03-17,MS,4,0
2020-03-18,MS,7,0
2020-03-19,MS,7,0
2020-03-20,MS,9,0
2020-03-21,MS,16,0
2020-03-22,MS,21,0
2020-03-23,MS,21,0
2020-03-24,MS,23,0
2020-03-25,MS,24,0
2020-03-26,MS,25,0
2020-03-27,MS,28,0
2020-03-28,MS,31,0
2020-03-29,MS,36,0
2020-03-30,MS,44,0
2020-03-31,MS,48,1
2020-04-01,MS,51,1
2020-04-02,MS,53,1
2020-04-03,MS,60,1
2020-04-04,MS,62,1
2020-04-05,MS,65,1
2020-04-06,MS,66,1
2020-04-07,MS,80,2
2020-04-08,MS,85,2
2020-04-09,MS,89,2
2020-04-10,MS,97,2
2020-04-11,MS,100,2
2020-04-12,MS,101,2
2020-04-13,MS,113,4
2020-04-14,MS,115,4
2020-04-15,MS,121,4
2020-04-16,MS,131,5
2020-04-17,MS,143,5
2020-04-18,MS,161,5
2020-04-19,MS,168,5
2020-04-20,MS,171,5
2020-04-21,MS,173,6
2020-04-22,MS,175,6
2020-04-23,MS,186,7
2020-04-24,MS,213,7
2020-04-25,MS,217,7
2020-04-26,MS,234,7
2020-04-27,MS,238,9
2020-04-28,MS,240,9
2020-04-29,MS,249,9
2020-04-30,MS,255,9
2020-05-01,MS,261,9
2020-05-02,MS,266,9
2020-05-03,MS,272,10
2020-05-04,MS,274,10
2020-05-05,MS,283,10
2020-05-06,MS,288,10
2020-05-07,MS,311,10
2020-05-08,MS,326,11
2020-05-09,MS,346,11
2020-05-10,MS,362,11
2020-05-11,MS,385,11
2020-05-12,MS,405,12
2020-05-13,MS,430,13
2020-05-14,MS,452,14
2020-05-15,MS,479,14
2020-05-16,MS,508,15
2020-05-17,MS,570,15
2020-05-18,MS,613,16
2020-05-19,MS,642,16
2020-05-20,MS,693,17
2020-05-21,MS,746,17
2020-05-22,MS,805,17
2020-05-23,MS,858,17
2020-05-24,MS,924,17
2020-05-25,MS,1023,17
2020-05-26,MS,1100,17
2020-05-27,MS,1186,18
2020-05-28,MS,1262,18
2020-05-29,MS,1356,18
2020-05-30,MS,1418,19
2020-05-31,MS,1489,20
2020-06-01,MS,1568,20
2020-06-02,MS,1646,20
2020-06-03,MS,1802,20
2020-03-20,MT,1,0
2020-03-21,MT,2,0
2020-03-22,MT,2,0
2020-03-23,MT,2,0
2020-03-24,MT,7,0
2020-03-25,MT,8,0
2020-03-26,MT,11,0
2020-03-27,MT,11,0
2020-03-28,MT,13,0
2020-03-29,MT,16,0
2020-03-30,MT,18,0
2020-03-31,MT,25,0
2020-04-01,MT,27,0
2020-04-02,MT,36,0
2020-04-03,MT,44,1
2020-04-04,MT,56,1
2020-04-05,MT,60,1
2020-04-06,MT,76,1
2020-04-07,MT,78,1
2020-04-08,MT,90,1
2020-04-09,MT,108,2
2020-04-10,MT,112,2
2020-04-11,MT,121,3
2020-04-12,MT,123,3
2020-04-13,MT,134,4
2020-04-14,MT,138,4
2020-04-15,MT,151,4
2020-04-16,MT,156,5
2020-04-17,MT,162,5
2020-04-18,MT,171,5
2020-04-19,MT,174,5
2020-04-20,MT,181,6
2020-04-21,MT,181,6
2020-04-22,MT,183,6
2020-04-23,MT,221,7
2020-04-24,MT,240,8
2020-04-25,MT,247,9
2020-04-26,MT,250,9
2020-04-27,MT,257,10
2020-04-28,MT,261,11
2020-04-29,MT,292,11
2020-04-30,MT,297,11
2020-05-01,MT,320,11
2020-05-02,MT,331,12
2020-05-03,MT,337,12
2020-05-04,MT,344,13
2020-05-05,MT,365,13
2020-05-06,MT,379,13
2020-05-07,MT,417,13
2020-05-08,MT,457,14
2020-05-09,MT,502,16
2020-05-10,MT,519,18
2020-05-11,MT,541,19
2020-05-12,MT,591,19
2020-05-13,MT,661,20
2020-05-14,MT,719,23
2020-05-15,MT,779,26
2020-05-16,MT,851,27
2020-05-17,MT,901,27
2020-05-18,MT,937,29
2020-05-19,MT,995,32
2020-05-20,MT,1054,32
2020-05-21,MT,1172,34
2020-05-22,MT,1220,37
2020-05-23,MT,1352,37
2020-05-24,MT,1462,40
2020-05-25,MT,1500,41
2020-05-26,MT,1628,43
2020-05-27,MT,1839,46
2020-05-28,MT,1951,51
2020-05-29,MT,2103,56
2020-05-30,MT,2361,57
2020-05-31,MT,2429,61
2020-06-01,MT,2541,66
2020-06-02,MT,2709,70
2020-06-03,MT,2848,76
2020-03-13,GO,3,0
2020-03-14,GO,3,0
2020-03-15,GO,3,0
2020-03-16,GO,3,0
2020-03-17,GO,6,0
2020-03-18,GO,8,0
2020-03-19,GO,12,0
2020-03-20,GO,15,0
2020-03-21,GO,20,0
2020-03-22,GO,21,0
2020-03-23,GO,23,0
2020-03-24,GO,27,0
2020-03-25,GO,29,0
2020-03-26,GO,39,1
2020-03-27,GO,49,1
2020-03-28,GO,56,1
2020-03-29,GO,58,1
2020-03-30,GO,61,1
2020-03-31,GO,65,1
2020-04-01,GO,71,1
2020-04-02,GO,73,1
2020-04-03,GO,88,2
2020-04-04,GO,103,2
2020-04-05,GO,115,3
2020-04-06,GO,119,5
2020-04-07,GO,133,5
2020-04-08,GO,158,7
2020-04-09,GO,179,7
2020-04-10,GO,191,8
2020-04-11,GO,209,10
2020-04-12,GO,229,14
2020-04-13,GO,233,15
2020-04-14,GO,284,15
2020-04-15,GO,304,15
2020-04-16,GO,318,16
2020-04-17,GO,335,16
2020-04-18,GO,378,18
2020-04-19,GO,393,18
2020-04-20,GO,403,19
2020-04-21,GO,421,19
2020-04-22,GO,438,21
2020-04-23,GO,453,23
2020-04-24,GO,486,24
2020-04-25,GO,506,25
2020-04-26,GO,573,25
2020-04-27,GO,616,26
2020-04-28,GO,661,27
2020-04-29,GO,705,27
2020-04-30,GO,781,29
2020-05-01,GO,808,29
2020-05-02,GO,825,30
2020-05-03,GO,850,30
2020-05-04,GO,861,30
2020-05-05,GO,922,38
2020-05-06,GO,1024,44
2020-05-07,GO,1027,44
2020-05-08,GO,1053,47
2020-05-09,GO,1069,47
2020-05-10,GO,1093,47
2020-05-11,GO,1100,49
2020-05-12,GO,1115,52
2020-05-13,GO,1134,61
2020-05-14,GO,1423,64
2020-05-15,GO,1572,67
2020-05-16,GO,1640,69
2020-05-17,GO,1692,70
2020-05-18,GO,1749,73
2020-05-19,GO,1846,73
2020-05-20,GO,1978,78
2020-05-21,GO,2114,85
2020-05-22,GO,2304,93
2020-05-23,GO,2377,95
2020-05-24,GO,2443,95
2020-05-25,GO,2512,96
2020-05-26,GO,2671,104
2020-05-27,GO,2843,108
2020-05-28,GO,3090,115
2020-05-29,GO,3319,119
2020-05-30,GO,3585,122
2020-05-31,GO,3702,124
2020-06-01,GO,3906,127
2020-06-02,GO,4377,151
2020-06-03,GO,4570,155
2020-03-07,DF,1,0
2020-03-08,DF,1,0
2020-03-09,DF,1,0
2020-03-10,DF,1,0
2020-03-11,DF,2,0
2020-03-12,DF,2,0
2020-03-13,DF,2,0
2020-03-14,DF,6,0
2020-03-15,DF,8,0
2020-03-16,DF,13,0
2020-03-17,DF,22,0
2020-03-18,DF,26,0
2020-03-19,DF,42,0
2020-03-20,DF,87,0
2020-03-21,DF,100,0
2020-03-22,DF,117,0
2020-03-23,DF,133,0
2020-03-24,DF,160,0
2020-03-25,DF,160,0
2020-03-26,DF,200,0
2020-03-27,DF,230,0
2020-03-28,DF,260,0
2020-03-29,DF,289,1
2020-03-30,DF,312,1
2020-03-31,DF,332,3
2020-04-01,DF,355,3
2020-04-02,DF,370,4
2020-04-03,DF,402,5
2020-04-04,DF,454,7
2020-04-05,DF,468,7
2020-04-06,DF,473,10
2020-04-07,DF,492,12
2020-04-08,DF,509,12
2020-04-09,DF,527,13
2020-04-10,DF,555,14
2020-04-11,DF,579,14
2020-04-12,DF,614,14
2020-04-13,DF,638,15
2020-04-14,DF,651,17
2020-04-15,DF,682,17
2020-04-16,DF,716,20
2020-04-17,DF,746,20
2020-04-18,DF,762,24
2020-04-19,DF,827,24
2020-04-20,DF,872,24
2020-04-21,DF,881,24
2020-04-22,DF,946,25
2020-04-23,DF,963,25
2020-04-24,DF,989,26
2020-04-25,DF,1013,26
2020-04-26,DF,1066,27
2020-04-27,DF,1146,27
2020-04-28,DF,1213,28
2020-04-29,DF,1275,28
2020-04-30,DF,1356,30
2020-05-01,DF,1466,30
2020-05-02,DF,1566,31
2020-05-03,DF,1649,33
2020-05-04,DF,1768,33
2020-05-05,DF,1818,33
2020-05-06,DF,1906,34
2020-05-07,DF,2258,35
2020-05-08,DF,2442,37
2020-05-09,DF,2576,39
2020-05-10,DF,2682,42
2020-05-11,DF,2783,44
2020-05-12,DF,2979,46
2020-05-13,DF,3192,48
2020-05-14,DF,3416,51
2020-05-15,DF,3787,55
2020-05-16,DF,4140,56
2020-05-17,DF,4368,59
2020-05-18,DF,4619,66
2020-05-19,DF,4853,72
2020-05-20,DF,5161,77
2020-05-21,DF,5542,84
2020-05-22,DF,5948,90
2020-05-23,DF,6251,95
2020-05-24,DF,6638,104
2020-05-25,DF,6930,114
2020-05-26,DF,7210,124
2020-05-27,DF,7761,133
2020-05-28,DF,8300,142
2020-05-29,DF,8722,154
2020-05-30,DF,9474,162
2020-05-31,DF,9780,170
2020-06-01,DF,10510,171
2020-06-02,DF,11256,177
2020-06-03,DF,12020,191
